fpr,tpr,threshold,sample_label
0.0,0.0,inf,sensitivity_score_le_5
0.2315369261477046,0.7724891316464162,1.0,sensitivity_score_le_5
0.2315369261477046,0.7725448667929997,0.9772727272727272,sensitivity_score_le_5
0.2315369261477046,0.7726006019395831,0.9761904761904762,sensitivity_score_le_5
0.2315369261477046,0.7726563370861665,0.975609756097561,sensitivity_score_le_5
0.2315369261477046,0.77271207223275,0.9736842105263158,sensitivity_score_le_5
0.2315369261477046,0.7728792776725003,0.9722222222222222,sensitivity_score_le_5
0.2315369261477046,0.7729350128190837,0.9714285714285714,sensitivity_score_le_5
0.2315369261477046,0.7729907479656671,0.9705882352941176,sensitivity_score_le_5
0.2315369261477046,0.7731022182588341,0.9696969696969696,sensitivity_score_le_5
0.2315369261477046,0.7732136885520009,0.967741935483871,sensitivity_score_le_5
0.23171049205935954,0.7733251588451677,0.9666666666666668,sensitivity_score_le_5
0.23171049205935954,0.7736595697246684,0.9655172413793104,sensitivity_score_le_5
0.23171049205935954,0.7739382454575856,0.9642857142857144,sensitivity_score_le_5
0.23179727501518702,0.7743283914836696,0.9629629629629628,sensitivity_score_le_5
0.23179727501518702,0.7745513320700034,0.9615384615384616,sensitivity_score_le_5
0.23197084092684198,0.7748300078029206,0.96,sensitivity_score_le_5
0.23205762388266946,0.7749972132426708,0.9583333333333334,sensitivity_score_le_5
0.23205762388266946,0.7755545647085051,0.9565217391304348,sensitivity_score_le_5
0.23205762388266946,0.7760004458811727,0.9545454545454546,sensitivity_score_le_5
0.2322311897943244,0.7763905919072567,0.9523809523809524,sensitivity_score_le_5
0.23249153866180683,0.7771708839594248,0.95,sensitivity_score_le_5
0.23283867048511672,0.7783413220376769,0.9473684210526316,sensitivity_score_le_5
0.23283867048511672,0.7783970571842604,0.945945945945946,sensitivity_score_le_5
0.2332725852642541,0.779233084383012,0.9444444444444444,sensitivity_score_le_5
0.23379328299921895,0.7802920521680972,0.9411764705882352,sensitivity_score_le_5
0.23474789551332118,0.7812395496600156,0.9375,sensitivity_score_le_5
0.23474789551332118,0.781295284806599,0.935483870967742,sensitivity_score_le_5
0.2353553762041135,0.7825214580314346,0.9333333333333332,sensitivity_score_le_5
0.235442159159941,0.7826329283246015,0.9310344827586208,sensitivity_score_le_5
0.23630998871821574,0.7843049827221046,0.9285714285714286,sensitivity_score_le_5
0.23630998871821574,0.784360717868688,0.925925925925926,sensitivity_score_le_5
0.23630998871821574,0.7844164530152714,0.925,sensitivity_score_le_5
0.23743816714397292,0.7858655668264407,0.9230769230769232,sensitivity_score_le_5
0.23743816714397292,0.7859213019730242,0.9210526315789472,sensitivity_score_le_5
0.2375249500998004,0.7860327722661911,0.92,sensitivity_score_le_5
0.23847956261390263,0.7878720321034445,0.9166666666666666,sensitivity_score_le_5
0.2385663455697301,0.7880949726897781,0.9130434782608696,sensitivity_score_le_5
0.23908704330469496,0.7904915839928659,0.9090909090909092,sensitivity_score_le_5
0.23908704330469496,0.7907145245791997,0.9047619047619048,sensitivity_score_le_5
0.24038878764210708,0.7929996655891205,0.9,sensitivity_score_le_5
0.24047557059793456,0.7930554007357039,0.896551724137931,sensitivity_score_le_5
0.24056235355376204,0.7932226061754543,0.8947368421052632,sensitivity_score_le_5
0.24056235355376204,0.7933340764686211,0.8928571428571429,sensitivity_score_le_5
0.2417773149353467,0.7962880392375432,0.8888888888888888,sensitivity_score_le_5
0.24195088084700164,0.79639950953071,0.8823529411764706,sensitivity_score_le_5
0.24203766380282912,0.796510979823877,0.88,sensitivity_score_le_5
0.24203766380282912,0.7965667149704604,0.8787878787878788,sensitivity_score_le_5
0.2449015013451358,0.7995206777393824,0.875,sensitivity_score_le_5
0.24498828430096328,0.7995206777393824,0.8717948717948718,sensitivity_score_le_5
0.24498828430096328,0.7996878831791328,0.8695652173913043,sensitivity_score_le_5
0.24516185021261824,0.8001894994983837,0.8666666666666667,sensitivity_score_le_5
0.24524863316844572,0.8001894994983837,0.8648648648648649,sensitivity_score_le_5
0.24542219908010066,0.8003567049381339,0.8636363636363636,sensitivity_score_le_5
0.2481124707107524,0.8046483112250585,0.8571428571428571,sensitivity_score_le_5
0.24837281957823484,0.8046483112250585,0.85,sensitivity_score_le_5
0.2491538661806821,0.8054843384238101,0.8461538461538461,sensitivity_score_le_5
0.2491538661806821,0.8055958087169769,0.8421052631578947,sensitivity_score_le_5
0.2491538661806821,0.8056515438635604,0.8387096774193549,sensitivity_score_le_5
0.25297231623709104,0.8113922639616542,0.8333333333333334,sensitivity_score_le_5
0.25297231623709104,0.8114479991082376,0.8285714285714286,sensitivity_score_le_5
0.25297231623709104,0.8115594694014046,0.8260869565217391,sensitivity_score_le_5
0.2532326651045735,0.8118938802809051,0.8235294117647058,sensitivity_score_le_5
0.2532326651045735,0.8119496154274886,0.8214285714285714,sensitivity_score_le_5
0.25401371170702075,0.8125069668933229,0.8181818181818182,sensitivity_score_le_5
0.25410049466284823,0.8126741723330733,0.8125,sensitivity_score_le_5
0.2541872776186757,0.8127299074796567,0.8095238095238095,sensitivity_score_le_5
0.2542740605745032,0.8127299074796567,0.8064516129032258,sensitivity_score_le_5
0.25948103792415167,0.8196968008025861,0.8,sensitivity_score_le_5
0.25948103792415167,0.8197525359491695,0.7916666666666666,sensitivity_score_le_5
0.25956782087997915,0.8197525359491695,0.7894736842105263,sensitivity_score_le_5
0.25956782087997915,0.8198082710957529,0.7878787878787878,sensitivity_score_le_5
0.26000173565911655,0.8202541522684205,0.7857142857142857,sensitivity_score_le_5
0.26000173565911655,0.8203098874150039,0.782608695652174,sensitivity_score_le_5
0.26000173565911655,0.8203656225615873,0.78125,sensitivity_score_le_5
0.2613902629523562,0.8216475309330064,0.7777777777777778,sensitivity_score_le_5
0.26147704590818366,0.8217032660795898,0.7727272727272727,sensitivity_score_le_5
0.26173739477566604,0.8222048823988407,0.7692307692307693,sensitivity_score_le_5
0.2618241777314935,0.8223720878385911,0.7647058823529411,sensitivity_score_le_5
0.261910960687321,0.8224835581317579,0.7619047619047619,sensitivity_score_le_5
0.2619977436431485,0.8225392932783413,0.76,sensitivity_score_le_5
0.2704156903584136,0.8331847062757775,0.75,sensitivity_score_le_5
0.2705024733142411,0.8333519117155278,0.7368421052631579,sensitivity_score_le_5
0.2707628221817235,0.8335748523018616,0.7333333333333333,sensitivity_score_le_5
0.2707628221817235,0.8336863225950284,0.7307692307692307,sensitivity_score_le_5
0.27128351991668836,0.8341322037676959,0.7272727272727273,sensitivity_score_le_5
0.27128351991668836,0.8342436740608627,0.7222222222222222,sensitivity_score_le_5
0.27128351991668836,0.8343551443540297,0.72,sensitivity_score_le_5
0.2725852642541005,0.8355255824322818,0.7142857142857143,sensitivity_score_le_5
0.2725852642541005,0.8355813175788652,0.7083333333333334,sensitivity_score_le_5
0.2727588301657555,0.8355813175788652,0.7058823529411765,sensitivity_score_le_5
0.2728456131215829,0.8355813175788652,0.7037037037037037,sensitivity_score_le_5
0.27432092337065,0.8363616096310333,0.7,sensitivity_score_le_5
0.2744077063264775,0.8363616096310333,0.6956521739130435,sensitivity_score_le_5
0.2747548381497874,0.8365288150707836,0.6923076923076923,sensitivity_score_le_5
0.2747548381497874,0.8365845502173671,0.6896551724137931,sensitivity_score_le_5
0.27484162110561483,0.8368074908037008,0.6875,sensitivity_score_le_5
0.2749284040614423,0.8369189610968677,0.6818181818181818,sensitivity_score_le_5
0.2749284040614423,0.8369746962434511,0.6764705882352942,sensitivity_score_le_5
0.2909832508895253,0.8514100992085609,0.6666666666666666,sensitivity_score_le_5
0.2909832508895253,0.8515215695017277,0.6538461538461539,sensitivity_score_le_5
0.2911568168011803,0.8516330397948947,0.65,sensitivity_score_le_5
0.29141716566866266,0.8516330397948947,0.6470588235294118,sensitivity_score_le_5
0.2915907315803176,0.8518559803812285,0.6428571428571429,sensitivity_score_le_5
0.2922849952269374,0.8525248021402296,0.6363636363636364,sensitivity_score_le_5
0.2923717781827649,0.852580537286813,0.631578947368421,sensitivity_score_le_5
0.2937603054760045,0.8536395050718983,0.625,sensitivity_score_le_5
0.2939338713876595,0.8537509753650652,0.6190476190476191,sensitivity_score_le_5
0.2941942202551419,0.8539739159513989,0.6153846153846154,sensitivity_score_le_5
0.29428100321096934,0.8541968565377327,0.6111111111111112,sensitivity_score_le_5
0.3001822442072377,0.8579311113588228,0.6,sensitivity_score_le_5
0.3001822442072377,0.8579868465054064,0.5925925925925926,sensitivity_score_le_5
0.3002690271630652,0.8580425816519898,0.5909090909090909,sensitivity_score_le_5
0.3003558101188927,0.8580983167985732,0.5882352941176471,sensitivity_score_le_5
0.30070294194220254,0.8583769925314904,0.5833333333333334,sensitivity_score_le_5
0.3008765078538575,0.8584884628246572,0.5789473684210527,sensitivity_score_le_5
0.3008765078538575,0.8585441979712407,0.5769230769230769,sensitivity_score_le_5
0.302612166970407,0.8602162523687438,0.5714285714285714,sensitivity_score_le_5
0.30287251583788943,0.860383457808494,0.5625,sensitivity_score_le_5
0.3029592987937169,0.860383457808494,0.56,sensitivity_score_le_5
0.304434609042784,0.8610522795674953,0.5555555555555556,sensitivity_score_le_5
0.30452139199861145,0.8610522795674953,0.5517241379310345,sensitivity_score_le_5
0.30452139199861145,0.8611080147140787,0.55,sensitivity_score_le_5
0.3047817408660939,0.861275220153829,0.5454545454545454,sensitivity_score_le_5
0.30495530677774885,0.8613309553004125,0.5416666666666666,sensitivity_score_le_5
0.30530243860105877,0.8614424255935793,0.5384615384615384,sensitivity_score_le_5
0.30556278746854115,0.8615538958867461,0.5333333333333333,sensitivity_score_le_5
0.3057363533801961,0.8615538958867461,0.5294117647058824,sensitivity_score_le_5
0.3058231363360236,0.8615538958867461,0.5263157894736842,sensitivity_score_le_5
0.3059099192918511,0.8616096310333297,0.5238095238095238,sensitivity_score_le_5
0.3059099192918511,0.8616653661799131,0.52,sensitivity_score_le_5
0.3059099192918511,0.8617211013264965,0.5142857142857142,sensitivity_score_le_5
0.34218519482773585,0.8849069223052056,0.5,sensitivity_score_le_5
0.34218519482773585,0.8850183925983726,0.4761904761904761,sensitivity_score_le_5
0.34218519482773585,0.885074127744956,0.4736842105263157,sensitivity_score_le_5
0.3425323266510457,0.8851855980381228,0.4705882352941176,sensitivity_score_le_5
0.3429662414301831,0.8851855980381228,0.4666666666666667,sensitivity_score_le_5
0.34331337325349304,0.8852413331847063,0.4615384615384615,sensitivity_score_le_5
0.34426798576759526,0.8855200089176235,0.4545454545454545,sensitivity_score_le_5
0.34530938123752497,0.8861330955300413,0.4444444444444444,sensitivity_score_le_5
0.3454829471491799,0.8861888306766247,0.44,sensitivity_score_le_5
0.3457432960166623,0.8861888306766247,0.4375,sensitivity_score_le_5
0.3458300789724898,0.8861888306766247,0.4347826086956521,sensitivity_score_le_5
0.3483467846914866,0.8877494147809609,0.4285714285714285,sensitivity_score_le_5
0.3483467846914866,0.8878051499275443,0.4230769230769231,sensitivity_score_le_5
0.348607133558969,0.8879166202207112,0.4210526315789473,sensitivity_score_le_5
0.3491278312939339,0.8880838256604615,0.4166666666666667,sensitivity_score_le_5
0.3491278312939339,0.8881952959536283,0.4117647058823529,sensitivity_score_le_5
0.34921461424976136,0.8881952959536283,0.4054054054054054,sensitivity_score_le_5
0.35407445977609997,0.8900345557908818,0.4,sensitivity_score_le_5
0.35416124273192745,0.8900902909374652,0.3939393939393939,sensitivity_score_le_5
0.35450837455523737,0.8901460260840486,0.3888888888888889,sensitivity_score_le_5
0.35476872342271976,0.8903132315237989,0.3846153846153846,sensitivity_score_le_5
0.3549422893343747,0.8903689666703823,0.3809523809523809,sensitivity_score_le_5
0.35693829731840665,0.8906476424032995,0.375,sensitivity_score_le_5
0.35702508027423413,0.8907033775498829,0.3684210526315789,sensitivity_score_le_5
0.3571986461858891,0.8912049938691339,0.3636363636363636,sensitivity_score_le_5
0.35728542914171657,0.8912049938691339,0.36,sensitivity_score_le_5
0.35771934392085397,0.8913164641623007,0.3571428571428571,sensitivity_score_le_5
0.3578929098325089,0.8913721993088842,0.3529411764705882,sensitivity_score_le_5
0.35797969278833636,0.8913721993088842,0.35,sensitivity_score_le_5
0.3749023691746941,0.899286590123732,0.3333333333333333,sensitivity_score_le_5
0.3749891521305216,0.8993423252703154,0.3214285714285714,sensitivity_score_le_5
0.37507593508634907,0.8993980604168988,0.3157894736842105,sensitivity_score_le_5
0.37542306690965893,0.8994537955634824,0.3125,sensitivity_score_le_5
0.37542306690965893,0.8995095307100658,0.3103448275862069,sensitivity_score_le_5
0.3755098498654864,0.8995095307100658,0.3095238095238095,sensitivity_score_le_5
0.3759437646446238,0.899676736149816,0.3076923076923077,sensitivity_score_le_5
0.3760305476004513,0.899676736149816,0.3043478260869565,sensitivity_score_le_5
0.37646446237958864,0.9001226173224836,0.3,sensitivity_score_le_5
0.3766380282912436,0.9004012930554007,0.2941176470588235,sensitivity_score_le_5
0.3766380282912436,0.9004570282019841,0.2916666666666667,sensitivity_score_le_5
0.3793282999218953,0.9012373202541523,0.2857142857142857,sensitivity_score_le_5
0.3797622147010327,0.9012930554007357,0.2777777777777778,sensitivity_score_le_5
0.3804564783476525,0.90185040686657,0.2727272727272727,sensitivity_score_le_5
0.3809771760826174,0.9019061420131534,0.2666666666666666,sensitivity_score_le_5
0.38115074199427235,0.9019061420131534,0.2631578947368421,sensitivity_score_le_5
0.38115074199427235,0.901961877159737,0.2608695652173913,sensitivity_score_le_5
0.3933003558101189,0.9059748077137443,0.25,sensitivity_score_le_5
0.3933871387659464,0.9059748077137443,0.24,sensitivity_score_le_5
0.3933871387659464,0.9060305428603277,0.238095238095238,sensitivity_score_le_5
0.39364748763342877,0.9060305428603277,0.2352941176470588,sensitivity_score_le_5
0.39425496832422113,0.9063649537398283,0.2307692307692307,sensitivity_score_le_5
0.3945153171917036,0.9063649537398283,0.2272727272727272,sensitivity_score_le_5
0.39633775926408055,0.9067550997659124,0.2222222222222222,sensitivity_score_le_5
0.39694523995487285,0.9068665700590792,0.2142857142857142,sensitivity_score_le_5
0.39694523995487285,0.9069223052056626,0.2105263157894736,sensitivity_score_le_5
0.39703202291070033,0.9069223052056626,0.2083333333333333,sensitivity_score_le_5
0.405363186670138,0.9095418570950842,0.2,sensitivity_score_le_5
0.405363186670138,0.9095975922416676,0.1923076923076923,sensitivity_score_le_5
0.40553675258179295,0.909653327388251,0.1904761904761904,sensitivity_score_le_5
0.4057971014492754,0.9097090625348344,0.1875,sensitivity_score_le_5
0.40666493100755013,0.9101549437075019,0.1818181818181818,sensitivity_score_le_5
0.4067517139633776,0.9101549437075019,0.1785714285714285,sensitivity_score_le_5
0.40701206283086,0.9102664140006688,0.1764705882352941,sensitivity_score_le_5
0.40701206283086,0.9103221491472523,0.1739130434782608,sensitivity_score_le_5
0.40701206283086,0.9103778842938357,0.1714285714285714,sensitivity_score_le_5
0.4117851254013712,0.9117155278118382,0.1666666666666666,sensitivity_score_le_5
0.41195869131302615,0.9117155278118382,0.1578947368421052,sensitivity_score_le_5
0.4127397379154734,0.911826998105005,0.1538461538461538,sensitivity_score_le_5
0.4128265208713009,0.911826998105005,0.15,sensitivity_score_le_5
0.4173392345743296,0.9131089064764241,0.1428571428571428,sensitivity_score_le_5
0.41742601753015707,0.9131089064764241,0.1379310344827586,sensitivity_score_le_5
0.41742601753015707,0.9131646416230075,0.1363636363636363,sensitivity_score_le_5
0.41820706413260433,0.9133318470627578,0.1333333333333333,sensitivity_score_le_5
0.4182938470884318,0.9133875822093412,0.1304347826086956,sensitivity_score_le_5
0.4233272585264254,0.9141678742615094,0.125,sensitivity_score_le_5
0.42341404148225287,0.9141678742615094,0.1176470588235294,sensitivity_score_le_5
0.42341404148225287,0.9142236094080928,0.1153846153846153,sensitivity_score_le_5
0.4261910960687321,0.9148366960205105,0.1111111111111111,sensitivity_score_le_5
0.4262778790245596,0.9148366960205105,0.1071428571428571,sensitivity_score_le_5
0.42679857675952443,0.9148366960205105,0.1052631578947368,sensitivity_score_le_5
0.4268853597153519,0.9148366960205105,0.1034482758620689,sensitivity_score_le_5
0.42940206543434867,0.9153383123397615,0.1,sensitivity_score_le_5
0.4296624143018311,0.9153940474863449,0.0952380952380952,sensitivity_score_le_5
0.4314848563742081,0.9160071340987627,0.0909090909090909,sensitivity_score_le_5
0.4317452052416905,0.9160071340987627,0.0869565217391304,sensitivity_score_le_5
0.431831988197518,0.9160071340987627,0.0857142857142857,sensitivity_score_le_5
0.43382799618154994,0.9163415449782633,0.0833333333333333,sensitivity_score_le_5
0.4351297405189621,0.9167874261509308,0.0769230769230769,sensitivity_score_le_5
0.43521652347478956,0.9167874261509308,0.074074074074074,sensitivity_score_le_5
0.43625791894471927,0.9171775721770148,0.0714285714285714,sensitivity_score_le_5
0.43634470190054675,0.9172333073235983,0.0689655172413793,sensitivity_score_le_5
0.4377332291937863,0.9174005127633486,0.0666666666666666,sensitivity_score_le_5
0.438948190575371,0.9175677182030989,0.0625,sensitivity_score_le_5
0.4396424542219908,0.9176791884962657,0.0588235294117647,sensitivity_score_le_5
0.43972923717781826,0.9176791884962657,0.0571428571428571,sensitivity_score_le_5
0.4406838496919205,0.9177906587894327,0.0555555555555555,sensitivity_score_le_5
0.44077063264774796,0.9178463939360161,0.054054054054054,sensitivity_score_le_5
0.44189881107350515,0.9179578642291829,0.0526315789473684,sensitivity_score_le_5
0.4425062917642975,0.9180693345223498,0.05,sensitivity_score_le_5
0.4425062917642975,0.9181250696689333,0.048780487804878,sensitivity_score_le_5
0.4428534235876074,0.9182922751086835,0.0476190476190476,sensitivity_score_le_5
0.4431137724550898,0.918348010255267,0.0454545454545454,sensitivity_score_le_5
0.44346090427839974,0.918348010255267,0.0434782608695652,sensitivity_score_le_5
0.4435476872342272,0.918348010255267,0.0416666666666666,sensitivity_score_le_5
0.4436344701900547,0.918348010255267,0.04,sensitivity_score_le_5
0.4438080361017096,0.918348010255267,0.0384615384615384,sensitivity_score_le_5
0.4438948190575371,0.918348010255267,0.037037037037037,sensitivity_score_le_5
0.4443287338366745,0.918348010255267,0.0357142857142857,sensitivity_score_le_5
0.44441551679250196,0.918348010255267,0.0294117647058823,sensitivity_score_le_5
0.44450229974832944,0.918348010255267,0.0263157894736842,sensitivity_score_le_5
0.4445890827041569,0.918348010255267,0.0256410256410256,sensitivity_score_le_5
0.4446758656599844,0.918348010255267,0.024390243902439,sensitivity_score_le_5
1.0,1.0,0.0,sensitivity_score_le_5
1.0,1.0,-inf,sensitivity_score_le_5
